{
  "parent": "minecraft:item/generated",
  "textures": {
    "layer0": "minecraft:item/apple"
  },
  "overrides": 
[
        { "predicate": {"custom_model_data": 700}, "model": "item/apple/apple_apple"},
        { "predicate": {"custom_model_data": 701}, "model": "item/apple/silife_apple"},
        { "predicate": {"custom_model_data": 703}, "model": "item/apple/adamxd_apple"},
        { "predicate": {"custom_model_data": 704}, "model": "item/apple/shazbruh_apple"},
        { "predicate": {"custom_model_data": 705}, "model": "item/apple/farisfs_apple"},
        { "predicate": {"custom_model_data": 708}, "model": "item/apple/cubemalay_apple"}
 ]
}